Image Paths,Expression,Age,Name
IMG_20210902_231058.jpg,Smiling,19,Me
IMG_20210902_231103.jpg,Smiling,19,Me
IMG_20210906_115508.jpg,Smiling,19,Me
IMG_20210906_115514.jpg,Smiling,19,Me
IMG_20210906_123955.jpg,Smiling,19,Me
IMG_20230220_114120.jpg,Smiling,21,Me
IMG_20230220_114118.jpg,Smiling,21,Me
IMG_20211019_184217.jpg,Neutral,19,Me
IMG_20211019_184216.jpg,Neutral,19,Me
IMG_20211009_215705.jpg,Smiling,19,Me
IMG_20211017_123849.jpg,Neutral,19,Me
IMG_20211017_123855.jpg,Smiling,19,Me
IMG_20210922_121812.jpg,Neutral,19,Me
IMG_20221115_090731.jpg,Neutral,20,Me
IMG_20221114_162922.jpg,Neutral,20,Me
IMG_20211020_171916.jpg,Smiling,19,Me
IMG_20211029_093952.jpg,Smiling,19,Me
IMG_20211029_093956.jpg,Smiling,19,Me
IMG_20211108_154429.jpg,Smiling,19,Me
IMG_20211126_130650.jpg,Smiling,20,Me
IMG_20221114_162815.jpg,Neutral,20,Me
IMG_20211128_001806.jpg,Smiling,20,Me
IMG_20211128_012417.jpg,Smiling,20,Me
IMG_20221114_162722.jpg,Neutral,20,Me
IMG_20220110_033428.jpg,Smiling,20,Me
IMG_20220110_033439.jpg,Smiling,20,Me
IMG_20221114_162632.jpg,Neutral,20,Me
IMG_20221114_162625.jpg,Neutral,20,Me
IMG_20220111_123940.jpg,Smiling,20,Me
IMG_20220127_023603.jpg,Smiling,20,Me
IMG_20220127_023644.jpg,Smiling,20,Me
IMG_20220127_170255.jpg,Smiling,20,Me
IMG_20220127_170259.jpg,Smiling,20,Me
IMG_20220211_190512.jpg,Smiling,20,Me
IMG_20220211_195819.jpg,Smiling,20,Me
IMG_20220211_201932.jpg,Smiling,20,Me
IMG_20220211_201940.jpg,Smiling,20,Me
IMG_20221114_162616.jpg,Neutral,20,Me
IMG_20220306_233045.jpg,Smiling,20,Me
IMG_20220306_233045_1.jpg,Smiling,20,Me
IMG_20220310_103142.jpg,Smiling,20,Me
IMG_20220310_103200.jpg,Smiling,20,Me
IMG_20220310_103206.jpg,Smiling,20,Me
IMG_20221114_162533.jpg,Neutral,20,Me
IMG_20220329_213941.jpg,Smiling,20,Me
IMG_20221114_162531.jpg,Neutral,20,Me
IMG_20221012_201435.jpg,Neutral,20,Me
IMG_20220402_174859.jpg,Smiling,20,Me
IMG_20220924_171553.jpg,Neutral,20,Me
IMG_20220506_235903.jpg,Smiling,20,Me
IMG_20220506_235906.jpg,Smiling,20,Me
IMG_20220506_235909.jpg,Smiling,20,Me
IMG_20220508_221406.jpg,Smiling,20,Me
IMG_20220812_131753.jpg,Neutral,20,Me
IMG_20220508_221457.jpg,Smiling,20,Me
IMG_20220722_160009.jpg,Neutral,20,Me
IMG_20220510_132806.jpg,Smiling,20,Me
IMG_20220510_132815.jpg,Smiling,20,Me
IMG_20220630_190101_1.jpg,Neutral,20,Me
IMG_20220630_190101.jpg,Neutral,20,Me
IMG_20220621_194720.jpg,Neutral,20,Me
IMG_20220621_194706.jpg,Neutral,20,Me
IMG_20220617_074820.jpg,Neutral,20,Me
IMG_20220616_142414.jpg,Neutral,20,Me
IMG_20220616_113635.jpg,Neutral,20,Me
IMG_20220601_155746.jpg,Smiling,20,Me
IMG_20220601_155748.jpg,Smiling,20,Me
IMG_20220602_154356.jpg,Smiling,20,Me
IMG_20220616_113620.jpg,Neutral,20,Me
IMG_20220615_010917.jpg,Neutral,20,Me
IMG_20220615_010909.jpg,Smiling,20,Me
IMG_20220615_010914.jpg,Neutral,20,Me
IMG_20220615_010906.jpg,Neutral,20,Me
IMG_20220615_011340.jpg,Smiling,20,Me
IMG_20220530_140259.jpg,Neutral,20,Me
IMG_20220524_161037.jpg,Neutral,20,Me
IMG_20220517_144548.jpg,Neutral,20,Me
IMG_20220616_162624.jpg,Smiling,20,Me
IMG_20220616_162626.jpg,Smiling,20,Me
IMG_20220616_162629.jpg,Smiling,20,Me
IMG_20220512_155806.jpg,Neutral,20,Me
IMG_20220617_074827.jpg,Smiling,20,Me
IMG_20220617_103354.jpg,Smiling,20,Me
IMG_20220617_103403.jpg,Smiling,20,Me
IMG_20220512_155804.jpg,Neutral,20,Me
IMG_20220512_155746.jpg,Neutral,20,Me
IMG_20220512_155742.jpg,Neutral,20,Me
IMG_20220510_132802.jpg,Neutral,20,Me
IMG_20220402_174855.jpg,Neutral,20,Me
IMG_20220702_180508.jpg,Smiling,20,Me
IMG_20220709_214117.jpg,Smiling,20,Me
IMG_20220316_112720.jpg,Neutral,20,Me
IMG_20220711_005600.jpg,Smiling,20,Me
IMG_20220306_212104.jpg,Neutral,20,Me
IMG_20220722_113757.jpg,Smiling,20,Me
IMG_20220722_160000.jpg,Smiling,20,Me
IMG_20220722_160003.jpg,Smiling,20,Me
IMG_20220722_160005.jpg,Smiling,20,Me
IMG_20220722_160007.jpg,Smiling,20,Me
IMG_20220722_160007_1.jpg,Smiling,20,Me
IMG_20220111_123932.jpg,Neutral,20,Me
IMG_20211207_101104.jpg,Neutral,20,Me
IMG_20220815_151436.jpg,Smiling,20,Me
IMG_20220815_151438.jpg,Smiling,20,Me
IMG_20220916_193941.jpg,Smiling,20,Me
IMG_20220916_203419.jpg,Smiling,20,Me
IMG_20220924_022838.jpg,Smiling,20,Me
IMG_20220924_171515.jpg,Smiling,20,Me
IMG_20220924_171520.jpg,Smiling,20,Me
IMG_20211128_001802.jpg,Neutral,20,Me
IMG_20220924_171556.jpg,Smiling,20,Me
IMG_20220924_171601.jpg,Smiling,20,Me
IMG_20220924_171604.jpg,Smiling,20,Me
IMG_20220924_171608.jpg,Smiling,20,Me
IMG_20220924_171610.jpg,Smiling,20,Me
IMG_20220924_171735.jpg,Smiling,20,Me
IMG_20220924_171911.jpg,Smiling,20,Me
IMG_20220924_232755.jpg,Smiling,20,Me
IMG_20220925_151933.jpg,Smiling,20,Me
IMG_20231023_095551.jpg,Neutral,21,Me
IMG_20231020_190547.jpg,Neutral,21,Me
IMG_20231020_184315.jpg,Neutral,21,Me
IMG_20231020_172519.jpg,Neutral,21,Me
IMG_20220928_183643.jpg,Smiling,20,Me
IMG_20220928_183706.jpg,Smiling,20,Me
IMG_20220928_183711.jpg,Smiling,20,Me
IMG_20220928_183715.jpg,Smiling,20,Me
IMG_20220928_183725.jpg,Smiling,20,Me
IMG_20220928_184119.jpg,Smiling,20,Me
IMG_20220928_184127.jpg,Smiling,20,Me
IMG_20220928_184146.jpg,Smiling,20,Me
IMG_20221002_185045.jpg,Smiling,20,Me
IMG_20221010_124245.jpg,Smiling,20,Me
IMG_20221011_123607.jpg,Smiling,20,Me
IMG_20231020_172511.jpg,Neutral,21,Me
IMG_20221012_213346.jpg,Smiling,20,Me
IMG_20221012_213348.jpg,Smiling,20,Me
IMG_20221012_213350.jpg,Smiling,20,Me
IMG_20221012_213352.jpg,Smiling,20,Me
IMG_20221012_213356.jpg,Smiling,20,Me
IMG_20221012_213405.jpg,Smiling,20,Me
IMG_20221024_005027.jpg,Smiling,20,Me
IMG_20231020_172254.jpg,Neutral,21,Me
IMG_20231020_171933.jpg,Neutral,21,Me
IMG_20231020_171930.jpg,Neutral,21,Me
IMG_20231020_165208.jpg,Neutral,21,Me
IMG_20221108_005928.jpg,Smiling,20,Me
IMG_20221110_122050.jpg,Smiling,20,Me
IMG_20221110_122053.jpg,Smiling,20,Me
IMG_20221110_122234.jpg,Smiling,20,Me
IMG_20231020_164830.jpg,Neutral,21,Me
IMG_20231020_162245.jpg,Neutral,21,Me
IMG_20221114_162542.jpg,Smiling,20,Me
IMG_20231020_162150.jpg,Neutral,21,Me
IMG_20221114_162623.jpg,Smiling,20,Me
IMG_20231019_115948.jpg,Neutral,21,Me
IMG_20231011_101619.jpg,Neutral,21,Me
IMG_20231010_150341.jpg,Neutral,21,Me
IMG_20231010_150312.jpg,Neutral,21,Me
IMG_20221114_162833.jpg,Smiling,20,Me
IMG_20230925_105452.jpg,Neutral,21,Me
IMG_20221114_162927.jpg,Smiling,20,Me
IMG_20221114_163251.jpg,Smiling,20,Me
IMG_20221114_163309.jpg,Smiling,20,Me
IMG_20230922_160811.jpg,Neutral,21,Me
IMG_20230922_160810.jpg,Neutral,21,Me
IMG_20221126_213441.jpg,Smiling,21,Me
IMG_20221126_213444.jpg,Smiling,21,Me
IMG_20230920_093726.jpg,Neutral,21,Me
IMG_20221126_213454.jpg,Smiling,21,Me
IMG_20221126_214501.jpg,Smiling,21,Me
IMG_20221126_214504.jpg,Smiling,21,Me
IMG_20221126_214633.jpg,Smiling,21,Me
IMG_20230920_093707.jpg,Neutral,21,Me
IMG_20221128_101725.jpg,Smiling,21,Me
IMG_20221130_131053.jpg,Smiling,21,Me
IMG_20221130_141350.jpg,Smiling,21,Me
IMG_20221130_152651.jpg,Smiling,21,Me
IMG_20230908_160424.jpg,Neutral,21,Me
IMG_20230908_160420.jpg,Neutral,21,Me
IMG_20221206_090511.jpg,Smiling,21,Me
IMG_20221206_090513.jpg,Smiling,21,Me
IMG_20230908_151812.jpg,Neutral,21,Me
IMG_20221206_090520.jpg,Smiling,21,Me
IMG_20221206_090526.jpg,Smiling,21,Me
IMG_20230906_191622.jpg,Neutral,21,Me
IMG_20230906_191213.jpg,Neutral,21,Me
IMG_20221207_155841.jpg,Smiling,21,Me
IMG_20230906_191209.jpg,Neutral,21,Me
IMG_20221212_231402.jpg,Smiling,21,Me
IMG_20221212_231442.jpg,Smiling,21,Me
IMG_20221212_231449.jpg,Smiling,21,Me
IMG_20221212_231503.jpg,Smiling,21,Me
IMG_20221213_182339.jpg,Smiling,21,Me
IMG_20221215_184010.jpg,Smiling,21,Me
IMG_20221215_184019.jpg,Smiling,21,Me
IMG_20230906_191205.jpg,Neutral,21,Me
IMG_20221217_222144.jpg,Smiling,21,Me
IMG_20221217_222149.jpg,Smiling,21,Me
IMG_20221218_004414.jpg,Smiling,21,Me
IMG_20230806_014407.jpg,Neutral,21,Me
IMG_20221225_034333.jpg,Smiling,21,Me
IMG_20230802_163916.jpg,Neutral,21,Me
IMG_20230802_161830.jpg,Neutral,21,Me
IMG_20221225_034401.jpg,Smiling,21,Me
IMG_20230716_153714.jpg,Neutral,21,Me
IMG_20230707_181621.jpg,Neutral,21,Me
IMG_20230101_122440.jpg,Smiling,21,Me
IMG_20230101_122442.jpg,Smiling,21,Me
IMG_20230101_122456.jpg,Smiling,21,Me
IMG_20230116_104755.jpg,Smiling,21,Me
IMG_20230707_181526.jpg,Neutral,21,Me
IMG_20230116_104804.jpg,Smiling,21,Me
IMG_20230702_011857.jpg,Neutral,21,Me
IMG_20230123_121236.jpg,Smiling,21,Me
IMG_20230612_144111.jpg,Neutral,21,Me
IMG_20230609_164315.jpg,Neutral,21,Me
IMG_20230609_164311.jpg,Neutral,21,Me
IMG_20230123_135922.jpg,Smiling,21,Me
IMG_20230609_164308.jpg,Neutral,21,Me
IMG_20230606_173026.jpg,Neutral,21,Me
IMG_20230524_232607.jpg,Neutral,21,Me
IMG_20230218_165934.jpg,Smiling,21,Me
IMG_20230218_165936.jpg,Smiling,21,Me
IMG_20230219_222104.jpg,Smiling,21,Me
IMG_20230219_222108.jpg,Smiling,21,Me
IMG_20230219_222110.jpg,Smiling,21,Me
IMG_20230220_112907.jpg,Smiling,21,Me
IMG_20230524_232606.jpg,Neutral,21,Me
IMG_20230520_003849.jpg,Neutral,21,Me
IMG_20230220_115314.jpg,Smiling,21,Me
IMG_20230220_175807.jpg,Smiling,21,Me
IMG_20230220_175810.jpg,Smiling,21,Me
IMG_20230220_175812.jpg,Smiling,21,Me
IMG_20230520_003839.jpg,Neutral,21,Me
IMG_20230227_020227.jpg,Smiling,21,Me
IMG_20230227_020231.jpg,Smiling,21,Me
IMG_20230302_130111.jpg,Smiling,21,Me
IMG_20230303_105551.jpg,Smiling,21,Me
IMG_20230303_105553.jpg,Smiling,21,Me
IMG_20230518_053805.jpg,Neutral,21,Me
IMG_20230515_084803.jpg,Neutral,21,Me
IMG_20230413_102916.jpg,Neutral,21,Me
IMG_20230304_224206.jpg,Smiling,21,Me
IMG_20230315_213418.jpg,Smiling,21,Me
IMG_20230315_213427.jpg,Smiling,21,Me
IMG_20230315_213505.jpg,Smiling,21,Me
IMG_20230315_213510.jpg,Smiling,21,Me
IMG_20230315_213512.jpg,Smiling,21,Me
IMG_20230315_213514.jpg,Smiling,21,Me
IMG_20230405_150519.jpg,Neutral,21,Me
IMG_20230322_172306.jpg,Smiling,21,Me
IMG_20230322_172321.jpg,Smiling,21,Me
IMG_20230322_213515.jpg,Smiling,21,Me
IMG_20230405_150504.jpg,Smiling,21,Me
IMG_20230405_150507.jpg,Smiling,21,Me
IMG_20230405_150509.jpg,Smiling,21,Me
IMG_20230322_172304.jpg,Neutral,21,Me
IMG_20230303_184512.jpg,Neutral,21,Me
IMG_20230303_105559.jpg,Neutral,21,Me
IMG_20230227_020225.jpg,Neutral,21,Me
IMG_20230211_152158.jpg,Neutral,21,Me
IMG_20230411_135845.jpg,Smiling,21,Me
IMG_20230123_221832.jpg,Neutral,21,Me
IMG_20230426_005338.jpg,Smiling,21,Me
IMG_20230512_021856.jpg,Smiling,21,Me
IMG_20230123_121255.jpg,Neutral,21,Me
IMG_20230518_053745.jpg,Smiling,21,Me
IMG_20230518_053751.jpg,Smiling,21,Me
IMG_20230518_053752.jpg,Smiling,21,Me
IMG_20230518_053803.jpg,Smiling,21,Me
IMG_20230123_121240.jpg,Neutral,21,Me
IMG_20230123_121238.jpg,Neutral,21,Me
IMG_20230123_120212.jpg,Neutral,21,Me
IMG_20230524_202942.jpg,Smiling,21,Me
IMG_20230524_202944.jpg,Smiling,21,Me
IMG_20230524_202947.jpg,Smiling,21,Me
IMG_20230524_202949.jpg,Smiling,21,Me
IMG_20230116_104758.jpg,Neutral,21,Me
IMG_20221225_034359.jpg,Neutral,21,Me
IMG_20230602_115547.jpg,Smiling,21,Me
IMG_20230602_115550.jpg,Smiling,21,Me
IMG_20230602_115557.jpg,Smiling,21,Me
IMG_20230602_115701.jpg,Smiling,21,Me
IMG_20221225_034339.jpg,Neutral,21,Me
IMG_20230606_173030.jpg,Smiling,21,Me
IMG_20230606_175512.jpg,Smiling,21,Me
IMG_20230606_175516.jpg,Smiling,21,Me
IMG_20230606_175516_1.jpg,Smiling,21,Me
IMG_20230606_175519.jpg,Smiling,21,Me
IMG_20230606_175525.jpg,Smiling,21,Me
IMG_20221225_034329.jpg,Neutral,21,Me
IMG_20221217_201736.jpg,Neutral,21,Me
IMG_20221212_202150.jpg,Neutral,21,Me
IMG_20221206_090517.jpg,Neutral,21,Me
IMG_20221206_090505.jpg,Neutral,21,Me
IMG_20230612_144114.jpg,Smiling,21,Me
IMG_20230621_103424.jpg,Smiling,21,Me
IMG_20230630_134416.jpg,Smiling,21,Me
IMG_20230630_134423.jpg,Smiling,21,Me
IMG_20221206_081309.jpg,Neutral,21,Me
IMG_20230704_165005.jpg,Smiling,21,Me
IMG_20230707_181523.jpg,Smiling,21,Me
IMG_20221126_213450.jpg,Neutral,21,Me
IMG_20230707_181558.jpg,Smiling,21,Me
IMG_20230707_181559.jpg,Smiling,21,Me
IMG_20211020_091601.jpg,Angry,19,Me
IMG_20230707_181624.jpg,Smiling,21,Me
IMG_20230707_181647.jpg,Smiling,21,Me
IMG_20230715_175750.jpg,Smiling,21,Me
IMG_20211004_212713.jpg,Angry,19,Me
IMG_20210927_020216.jpg,Angry,19,Me
IMG_20210927_020215.jpg,Angry,19,Me
IMG_20230720_205021.jpg,Smiling,21,Me
IMG_20230720_212924.jpg,Smiling,21,Me
IMG_20221117_170641.jpg,Angry,20,Me
IMG_20230728_201815.jpg,Smiling,21,Me
IMG_20230728_201827.jpg,Smiling,21,Me
IMG_20230728_202036.jpg,Smiling,21,Me
IMG_20230802_160629.jpg,Smiling,21,Me
IMG_20230802_161140.jpg,Smiling,21,Me
IMG_20230802_161824.jpg,Smiling,21,Me
IMG_20221107_210343.jpg,Angry,20,Me
IMG_20221107_210335.jpg,Angry,20,Me
IMG_20221107_210333.jpg,Angry,20,Me
IMG_20230810_140954.jpg,Smiling,21,Me
IMG_20230810_141000.jpg,Smiling,21,Me
IMG_20230810_141019.jpg,Smiling,21,Me
IMG_20230814_220052.jpg,Smiling,21,Me
IMG_20230814_220057.jpg,Smiling,21,Me
IMG_20221107_210328.jpg,Angry,20,Me
IMG_20230823_023238.jpg,Smiling,21,Me
IMG_20230829_133900.jpg,Smiling,21,Me
IMG_20230829_133901.jpg,Smiling,21,Me
IMG_20230906_190921.jpg,Smiling,21,Me
IMG_20230906_190944.jpg,Smiling,21,Me
IMG_20230906_190946.jpg,Smiling,21,Me
IMG_20220926_164926.jpg,Angry,20,Me
IMG_20220926_161004.jpg,Angry,20,Me
IMG_20220926_120004_1.jpg,Angry,20,Me
IMG_20230906_191224.jpg,Smiling,21,Me
IMG_20230906_191546.jpg,Smiling,21,Me
IMG_20220926_120004.jpg,Angry,20,Me
IMG_20230906_191822.jpg,Smiling,21,Me
IMG_20220722_113754.jpg,Angry,20,Me
IMG_20220709_214139.jpg,Angry,20,Me
IMG_20220621_194703.jpg,Angry,20,Me
IMG_20230909_014746.jpg,Smiling,21,Me
IMG_20230909_214618.jpg,Smiling,21,Me
IMG_20230909_214637.jpg,Smiling,21,Me
IMG_20230909_214641.jpg,Smiling,21,Me
IMG_20230909_214712.jpg,Smiling,21,Me
IMG_20230909_214907.jpg,Smiling,21,Me
IMG_20230909_214923.jpg,Smiling,21,Me
IMG_20230909_214926.jpg,Smiling,21,Me
IMG_20230909_214940.jpg,Smiling,21,Me
IMG_20230909_215024.jpg,Smiling,21,Me
IMG_20230909_215812.jpg,Smiling,21,Me
IMG_20230911_145202.jpg,Smiling,21,Me
IMG_20230911_145207.jpg,Smiling,21,Me
IMG_20230911_145212.jpg,Smiling,21,Me
IMG_20230911_163856.jpg,Smiling,21,Me
IMG_20230916_230857.jpg,Smiling,21,Me
IMG_20230916_230902.jpg,Smiling,21,Me
IMG_20220614_145324.jpg,Angry,20,Me
IMG_20220508_221455.jpg,Angry,20,Me
IMG_20230920_093724.jpg,Smiling,21,Me
IMG_20220418_003402.jpg,Angry,20,Me
IMG_20220401_105239.jpg,Angry,20,Me
IMG_20220110_033446.jpg,Angry,20,Me
IMG_20230922_160814.jpg,Smiling,21,Me
IMG_20230922_160817.jpg,Smiling,21,Me
IMG_20231020_172131.jpg,Angry,21,Me
IMG_20230925_214621.jpg,Smiling,21,Me
IMG_20231005_110213.jpg,Smiling,21,Me
IMG_20230919_104602.jpg,Angry,21,Me
IMG_20231010_150314.jpg,Smiling,21,Me
IMG_20231010_150316.jpg,Smiling,21,Me
IMG_20230815_165804.jpg,Angry,21,Me
IMG_20231010_150341_1.jpg,Smiling,21,Me
IMG_20230723_233307.jpg,Angry,21,Me
IMG_20231019_115945.jpg,Smiling,21,Me
IMG_20230720_205020.jpg,Angry,21,Me
IMG_20230719_201116.jpg,Angry,21,Me
IMG_20230612_144113.jpg,Angry,21,Me
IMG_20231020_162247.jpg,Smiling,21,Me
IMG_20230405_150535.jpg,Angry,21,Me
IMG_20230405_150533.jpg,Angry,21,Me
IMG_20231020_171731.jpg,Smiling,21,Me
IMG_20231020_171738.jpg,Smiling,21,Me
IMG_20231020_171751.jpg,Smiling,21,Me
IMG_20231020_171814.jpg,Smiling,21,Me
IMG_20231020_171833.jpg,Smiling,21,Me
IMG_20231020_171918.jpg,Smiling,21,Me
IMG_20230405_150531.jpg,Angry,21,Me
IMG_20230405_150517.jpg,Angry,21,Me
IMG_20231020_172022.jpg,Smiling,21,Me
IMG_20231020_172105.jpg,Smiling,21,Me
IMG_20230303_184623.jpg,Angry,21,Me
IMG_20231020_172133.jpg,Smiling,21,Me
IMG_20230211_014906.jpg,Angry,21,Me
IMG_20231020_172401.jpg,Smiling,21,Me
IMG_20221227_174543.jpg,Angry,21,Me
IMG_20231020_172514.jpg,Smiling,21,Me
IMG_20231020_172517.jpg,Smiling,21,Me
IMG_20221227_174540.jpg,Angry,21,Me
IMG_20231020_180005.jpg,Smiling,21,Me
IMG_20221206_093017.jpg,Angry,21,Me
IMG_20221206_093015.jpg,Angry,21,Me
IMG_20231020_190551.jpg,Smiling,21,Me
IMG_20231020_225112.jpg,Smiling,21,Me
IMG_20231021_012438.jpg,Smiling,21,Me
IMG_20221128_090648.jpg,Angry,21,Me
IMG_20231023_095607.jpg,Smiling,21,Me
IMG_20231023_140604.jpg,Smiling,21,Me
IMG_20231023_140735.jpg,Smiling,21,Me
1.jpg,Smiling,41,Not Me
2.jpg,Smiling,20,Not Me
3.jpg,Smiling,25,Not Me
4.jpg,Angry,25,Not Me
5.jpg,Neutral,32,Not Me
6.jpg,Neutral,26,Not Me
7.jpg,Angry,31,Not Me
8.jpg,Neutral,3,Not Me
9.jpg,Neutral,44,Not Me
10.jpg,Neutral,22,Not Me
11.jpg,Angry,44,Not Me
12.jpg,Angry,14,Not Me
13.jpg,Smiling,89,Not Me
14.jpg,Neutral,27,Not Me
15.jpg,Angry,34,Not Me
16.jpg,Neutral,27,Not Me
17.jpg,Smiling,25,Not Me
18.jpg,Neutral,90,Not Me
19.jpg,Neutral,34,Not Me
20.jpg,Angry,30,Not Me
21.jpg,Smiling,32,Not Me
22.jpg,Smiling,27,Not Me
23.jpg,Neutral,33,Not Me
24.jpg,Smiling,46,Not Me
25.jpg,Neutral,21,Not Me
26.jpg,Angry,26,Not Me
27.jpg,Neutral,29,Not Me
28.jpg,Neutral,20,Not Me
29.jpg,Neutral,18,Not Me
30.jpg,Neutral,23,Not Me
31.jpg,Angry,40,Not Me
32.jpg,Smiling,24,Not Me
33.jpg,Smiling,21,Not Me
34.jpg,Angry,35,Not Me
35.jpg,Smiling,17,Not Me
36.jpg,Neutral,20,Not Me
37.jpg,Angry,32,Not Me
38.jpg,Neutral,22,Not Me
39.jpg,Neutral,22,Not Me
40.jpg,Neutral,22,Not Me
41.jpg,Angry,5,Not Me
42.jpg,Angry,3,Not Me
43.jpg,Smiling,6,Not Me
44.jpg,Angry,13,Not Me
45.jpg,Angry,9,Not Me
46.jpg,Smiling,100,Not Me
47.jpg,Angry,8,Not Me
48.jpg,Smiling,31,Not Me
49.jpg,Neutral,29,Not Me
50.jpg,Neutral,38,Not Me
51.jpg,Angry,31,Not Me
52.jpg,Angry,43,Not Me
53.jpg,Neutral,44,Not Me
54.jpg,Angry,35,Not Me
55.jpg,Angry,37,Not Me
56.jpg,Angry,51,Not Me
57.jpg,Smiling,24,Not Me
58.jpg,Neutral,34,Not Me
59.jpg,Neutral,36,Not Me
60.jpg,Smiling,7,Not Me
61.jpg,Neutral,87,Not Me
62.jpg,Angry,29,Not Me
63.jpg,Neutral,22,Not Me
64.jpg,Angry,91,Not Me
65.jpg,Neutral,20,Not Me
66.jpg,Neutral,23,Not Me
67.jpg,Neutral,19,Not Me
68.jpg,Smiling,15,Not Me
69.jpg,Neutral,25,Not Me
70.jpg,Angry,73,Not Me
71.jpg,Neutral,26,Not Me
72.jpg,Neutral,23,Not Me
73.jpg,Neutral,17,Not Me
74.jpg,Smiling,39,Not Me
75.jpg,Neutral,20,Not Me
76.jpg,Neutral,24,Not Me
77.jpg,Smiling,35,Not Me
78.jpg,Neutral,7,Not Me
79.jpg,Neutral,16,Not Me
80.jpg,Neutral,19,Not Me
81.jpg,Angry,39,Not Me
82.jpg,Angry,53,Not Me
83.jpg,Neutral,26,Not Me
84.jpg,Neutral,41,Not Me
85.jpg,Neutral,23,Not Me
86.jpg,Smiling,34,Not Me
87.jpg,Neutral,27,Not Me
88.jpg,Neutral,26,Not Me
89.jpg,Neutral,38,Not Me
90.jpg,Angry,11,Not Me
91.jpg,Angry,35,Not Me
92.jpg,Angry,92,Not Me
93.jpg,Angry,79,Not Me
94.jpg,Neutral,30,Not Me
95.jpg,Angry,40,Not Me
96.jpg,Neutral,28,Not Me
97.jpg,Neutral,43,Not Me
98.jpg,Angry,24,Not Me
99.jpg,Neutral,17,Not Me
100.jpg,Neutral,29,Not Me
101.jpg,Smiling,2,Not Me
102.jpg,Angry,35,Not Me
103.jpg,Angry,24,Not Me
104.jpg,Smiling,43,Not Me
105.jpg,Angry,42,Not Me
106.jpg,Smiling,37,Not Me
107.jpg,Neutral,22,Not Me
108.jpg,Neutral,33,Not Me
109.jpg,Neutral,25,Not Me
110.jpg,Neutral,39,Not Me
111.jpg,Angry,92,Not Me
112.jpg,Smiling,50,Not Me
113.jpg,Smiling,28,Not Me
114.jpg,Angry,66,Not Me
115.jpg,Smiling,30,Not Me
116.jpg,Smiling,17,Not Me
117.jpg,Smiling,27,Not Me
118.jpg,Smiling,18,Not Me
119.jpg,Smiling,40,Not Me
120.jpg,Neutral,20,Not Me
121.jpg,Smiling,19,Not Me
122.jpg,Smiling,4,Not Me
123.jpg,Smiling,22,Not Me
124.jpg,Smiling,18,Not Me
125.jpg,Angry,25,Not Me
126.jpg,Smiling,19,Not Me
127.jpg,Smiling,27,Not Me
128.jpg,Smiling,20,Not Me
129.jpg,Smiling,30,Not Me
130.jpg,Smiling,24,Not Me
131.jpg,Smiling,27,Not Me
132.jpg,Angry,42,Not Me
133.jpg,Angry,22,Not Me
134.jpg,Smiling,23,Not Me
135.jpg,Smiling,46,Not Me
136.jpg,Smiling,23,Not Me
137.jpg,Smiling,27,Not Me
138.jpg,Angry,38,Not Me
139.jpg,Smiling,19,Not Me
140.jpg,Smiling,30,Not Me
141.jpg,Smiling,30,Not Me
142.jpg,Angry,38,Not Me
143.jpg,Neutral,25,Not Me
144.jpg,Neutral,25,Not Me
145.jpg,Neutral,39,Not Me
146.jpg,Smiling,22,Not Me
147.jpg,Angry,21,Not Me
148.jpg,Smiling,24,Not Me
149.jpg,Smiling,33,Not Me
150.jpg,Smiling,38,Not Me
151.jpg,Neutral,23,Not Me
152.jpg,Smiling,25,Not Me
153.jpg,Smiling,36,Not Me
154.jpg,Smiling,21,Not Me
156.jpg,Angry,27,Not Me
157.jpg,Neutral,37,Not Me
158.jpg,Smiling,28,Not Me
159.jpg,Smiling,20,Not Me
160.jpg,Smiling,19,Not Me
161.jpg,Neutral,36,Not Me
162.jpg,Neutral,40,Not Me
163.jpg,Neutral,41,Not Me
164.jpg,Neutral,21,Not Me
165.jpg,Neutral,20,Not Me
166.jpg,Smiling,36,Not Me
167.jpg,Smiling,27,Not Me
168.jpg,Smiling,38,Not Me
169.jpg,Smiling,28,Not Me
170.jpg,Angry,40,Not Me
171.jpg,Smiling,21,Not Me
172.jpg,Smiling,28,Not Me
173.jpg,Neutral,17,Not Me
174.jpg,Smiling,44,Not Me
175.jpg,Smiling,24,Not Me
176.jpg,Smiling,26,Not Me
177.jpg,Neutral,12,Not Me
178.jpg,Smiling,27,Not Me
179.jpg,Neutral,30,Not Me
180.jpg,Smiling,22,Not Me
181.jpg,Smiling,21,Not Me
182.jpg,Smiling,25,Not Me
183.jpg,Neutral,33,Not Me
184.jpg,Neutral,37,Not Me
185.jpg,Smiling,35,Not Me
186.jpg,Neutral,22,Not Me
187.jpg,Neutral,17,Not Me
188.jpg,Smiling,22,Not Me
189.jpg,Smiling,29,Not Me
190.jpg,Smiling,49,Not Me
191.jpg,Neutral,23,Not Me
192.jpg,Smiling,37,Not Me
193.jpg,Smiling,16,Not Me
194.jpg,Smiling,24,Not Me
195.jpg,Angry,30,Not Me
196.jpg,Smiling,30,Not Me
197.jpg,Smiling,34,Not Me
198.jpg,Smiling,25,Not Me
199.jpg,Smiling,25,Not Me
200.jpg,Neutral,24,Not Me
201.jpg,Neutral,24,Not Me
202.jpg,Neutral,22,Not Me
203.jpg,Smiling,26,Not Me
204.jpg,Smiling,25,Not Me
205.jpg,Smiling,30,Not Me
206.jpg,Smiling,21,Not Me
207.jpg,Angry,16,Not Me
208.jpg,Smiling,25,Not Me
209.jpg,Smiling,24,Not Me
210.jpg,Smiling,25,Not Me
211.jpg,Smiling,20,Not Me
212.jpg,Smiling,77,Not Me
213.jpg,Smiling,22,Not Me
214.jpg,Smiling,27,Not Me
215.jpg,Neutral,29,Not Me
216.jpg,Smiling,30,Not Me
217.jpg,Neutral,30,Not Me
218.jpg,Neutral,21,Not Me
219.jpg,Neutral,32,Not Me
220.jpg,Smiling,22,Not Me
221.jpg,Smiling,25,Not Me
222.jpg,Smiling,14,Not Me
223.jpg,Neutral,23,Not Me
224.jpg,Neutral,24,Not Me
225.jpg,Smiling,35,Not Me
226.jpg,Smiling,31,Not Me
227.jpg,Neutral,30,Not Me
228.jpg,Neutral,32,Not Me
229.jpg,Angry,35,Not Me
230.jpg,Smiling,36,Not Me
231.jpg,Smiling,15,Not Me
232.jpg,Smiling,29,Not Me
233.jpg,Smiling,13,Not Me
234.jpg,Smiling,27,Not Me
235.jpg,Smiling,88,Not Me
236.jpg,Smiling,30,Not Me
237.jpg,Smiling,19,Not Me
238.jpg,Smiling,35,Not Me
239.jpg,Smiling,29,Not Me
240.jpg,Smiling,19,Not Me
241.jpg,Smiling,40,Not Me
242.jpg,Neutral,30,Not Me
243.jpg,Smiling,31,Not Me
244.jpg,Smiling,32,Not Me
245.jpg,Smiling,43,Not Me
246.jpg,Smiling,35,Not Me
247.jpg,Neutral,33,Not Me
248.jpg,Smiling,26,Not Me
249.jpg,Smiling,20,Not Me
250.jpg,Smiling,26,Not Me
251.jpg,Smiling,27,Not Me
252.jpg,Neutral,18,Not Me
253.jpg,Smiling,22,Not Me
254.jpg,Smiling,22,Not Me
255.jpg,Smiling,20,Not Me
256.jpg,Smiling,47,Not Me
257.jpg,Neutral,36,Not Me
258.jpg,Neutral,22,Not Me
259.jpg,Smiling,30,Not Me
260.jpg,Neutral,32,Not Me
261.jpg,Smiling,30,Not Me
262.jpg,Smiling,20,Not Me
263.jpg,Smiling,41,Not Me
264.jpg,Smiling,25,Not Me
265.jpg,Smiling,15,Not Me
266.jpg,Smiling,23,Not Me
267.jpg,Smiling,22,Not Me
268.jpg,Neutral,25,Not Me
269.jpg,Smiling,28,Not Me
270.jpg,Smiling,16,Not Me
271.jpg,Smiling,27,Not Me
272.jpg,Smiling,15,Not Me
273.jpg,Neutral,11,Not Me
274.jpg,Smiling,38,Not Me
275.jpg,Angry,5,Not Me
276.jpg,Neutral,30,Not Me
277.jpg,Neutral,30,Not Me
278.jpg,Smiling,38,Not Me
279.jpg,Neutral,28,Not Me
280.jpg,Smiling,23,Not Me
281.jpg,Angry,38,Not Me
282.jpg,Neutral,22,Not Me
283.jpg,Neutral,23,Not Me
284.jpg,Smiling,21,Not Me
285.jpg,Smiling,15,Not Me
286.jpg,Smiling,22,Not Me
287.jpg,Neutral,34,Not Me
288.jpg,Angry,25,Not Me
289.jpg,Smiling,24,Not Me
290.jpg,Smiling,17,Not Me
291.jpg,Neutral,14,Not Me
292.jpg,Smiling,43,Not Me
293.jpg,Smiling,27,Not Me
294.jpg,Neutral,36,Not Me
295.jpg,Neutral,27,Not Me
296.jpg,Smiling,15,Not Me
297.jpg,Smiling,30,Not Me
298.jpg,Smiling,29,Not Me
299.jpg,Smiling,33,Not Me
300.jpg,Smiling,39,Not Me
301.jpg,Smiling,36,Not Me
302.jpg,Neutral,13,Not Me
303.jpg,Neutral,20,Not Me
304.jpg,Smiling,30,Not Me
305.jpg,Smiling,32,Not Me
306.jpg,Smiling,12,Not Me
307.jpg,Smiling,10,Not Me
308.jpg,Smiling,28,Not Me
309.jpg,Neutral,40,Not Me
310.jpg,Smiling,36,Not Me
311.jpg,Smiling,31,Not Me
312.jpg,Neutral,22,Not Me
313.jpg,Smiling,34,Not Me
314.jpg,Smiling,24,Not Me
315.jpg,Smiling,32,Not Me
316.jpg,Smiling,31,Not Me
317.jpg,Smiling,28,Not Me
318.jpg,Neutral,29,Not Me
319.jpg,Smiling,39,Not Me
320.jpg,Smiling,20,Not Me
321.jpg,Smiling,37,Not Me
322.jpg,Smiling,24,Not Me
323.jpg,Smiling,27,Not Me
324.jpg,Smiling,18,Not Me
325.jpg,Smiling,27,Not Me
326.jpg,Neutral,26,Not Me
327.jpg,Smiling,25,Not Me
328.jpg,Smiling,30,Not Me
329.jpg,Smiling,57,Not Me
330.jpg,Smiling,23,Not Me
331.jpg,Smiling,10,Not Me
332.jpg,Neutral,37,Not Me
333.jpg,Neutral,29,Not Me
334.jpg,Smiling,12,Not Me
335.jpg,Smiling,7,Not Me
336.jpg,Smiling,20,Not Me
337.jpg,Smiling,20,Not Me
338.jpg,Smiling,26,Not Me
339.jpg,Smiling,8,Not Me
340.jpg,Smiling,5,Not Me
341.jpg,Neutral,1,Not Me
342.jpg,Smiling,26,Not Me
343.jpg,Neutral,4,Not Me
344.jpg,Angry,15,Not Me
345.jpg,Smiling,14,Not Me
346.jpg,Smiling,38,Not Me
347.jpg,Neutral,26,Not Me
348.jpg,Smiling,40,Not Me
349.jpg,Smiling,39,Not Me
350.jpg,Smiling,29,Not Me
351.jpg,Smiling,28,Not Me
352.jpg,Smiling,29,Not Me
353.jpg,Smiling,37,Not Me
354.jpg,Smiling,35,Not Me
355.jpg,Smiling,13,Not Me
356.jpg,Smiling,31,Not Me
357.jpg,Smiling,45,Not Me
358.jpg,Smiling,37,Not Me
359.jpg,Smiling,24,Not Me
360.jpg,Smiling,20,Not Me
361.jpg,Smiling,22,Not Me
362.jpg,Neutral,22,Not Me
363.jpg,Neutral,22,Not Me
364.jpg,Smiling,1,Not Me
365.jpg,Smiling,69,Not Me
366.jpg,Smiling,2,Not Me
367.jpg,Smiling,10,Not Me
368.jpg,Smiling,12,Not Me
369.jpg,Smiling,13,Not Me
370.jpg,Smiling,3,Not Me
371.jpg,Smiling,4,Not Me
372.jpg,Smiling,55,Not Me
373.jpg,Smiling,25,Not Me
374.jpg,Smiling,13,Not Me
375.jpg,Smiling,12,Not Me
376.jpg,Smiling,20,Not Me
377.jpg,Smiling,15,Not Me
378.jpg,Neutral,21,Not Me
379.jpg,Smiling,21,Not Me
380.jpg,Neutral,14,Not Me
381.jpg,Smiling,7,Not Me
382.jpg,Smiling,43,Not Me
383.jpg,Smiling,24,Not Me
384.jpg,Smiling,24,Not Me
385.jpg,Smiling,25,Not Me
386.jpg,Smiling,38,Not Me
387.jpg,Angry,27,Not Me
388.jpg,Neutral,25,Not Me
389.jpg,Smiling,30,Not Me
390.jpg,Smiling,32,Not Me
391.jpg,Smiling,28,Not Me
392.jpg,Smiling,47,Not Me
393.jpg,Smiling,27,Not Me
394.jpg,Smiling,30,Not Me
395.jpg,Neutral,48,Not Me
396.jpg,Smiling,35,Not Me
397.jpg,Smiling,20,Not Me
398.jpg,Smiling,40,Not Me
399.jpg,Smiling,102,Not Me
400.jpg,Smiling,24,Not Me
401.jpg,Smiling,23,Not Me
402.jpg,Smiling,22,Not Me
